{
	"format_version": "1.8.0",
	"animations": {
		"0": {
			"animation_length": 0.25,
			"bones": {
				"head": {
					"rotation": {
						"vector": [-19.37006, 5.07855, 14.13272]
					},
					"position": {
						"vector": [0, -20.3, -1]
					}
				},
				"body": {
					"rotation": {
						"vector": [-69.55418, 11.73507, 4.3361]
					},
					"position": {
						"vector": [0, -12, -13]
					}
				},
				"rightArm": {
					"rotation": {
						"vector": [26.88147, -18.81083, 75.12654]
					},
					"position": {
						"vector": [0, -22, -1]
					}
				},
				"sword": {
					"rotation": {
						"vector": [-39.65898, -13.09125, 16.52283]
					}
				},
				"leftArm": {
					"rotation": {
						"vector": [-24.00759, -7.76108, -59.84717]
					},
					"position": {
						"vector": [0, -22, -1]
					}
				},
				"rightLeg": {
					"rotation": {
						"vector": [-67.78172, 23.10962, 22.52332]
					},
					"position": {
						"vector": [0, -10, 10]
					}
				},
				"leftLeg": {
					"rotation": {
						"vector": [35.90901, 5.3256, -67.00091]
					},
					"position": {
						"vector": [-1, -10, 1]
					}
				}
			}
		},
		"1": {
			"animation_length": 1.66667,
			"bones": {
				"head": {
					"rotation": {
						"0.3333": {
							"vector": [-19.37006, 5.07855, 14.13272]
						},
						"0.4167": {
							"vector": [-22.21975, 3.40487, 9.40804]
						},
						"0.5": {
							"vector": [-16.14991, 1.55396, 4.7589]
						},
						"0.5833": {
							"vector": [-19.37006, 5.07855, 14.13272]
						},
						"0.8333": {
							"vector": [0, 0, 0]
						},
						"0.9167": {
							"vector": [-2.5, 0, -2.5]
						},
						"1.0": {
							"vector": [-1.9129, -7.35965, 3.95497]
						},
						"1.0833": {
							"vector": [0, 0, 0]
						}
					},
					"position": {
						"0.3333": {
							"vector": [0, -20.3, -1]
						},
						"0.5833": {
							"vector": [0, -20.3, -1]
						},
						"0.8333": {
							"vector": [0, -0.3, -1]
						},
						"0.9167": {
							"vector": [0, 0.1, -1]
						},
						"1.0833": {
							"vector": [0, -0.3, -1]
						}
					}
				},
				"body": {
					"rotation": {
						"0.4583": {
							"vector": [-69.55418, 11.73507, 4.3361]
						},
						"0.5417": {
							"vector": [-66.59724, 10.75111, 6.67933]
						},
						"0.625": {
							"vector": [-70.88523, 15.6413, -6.5272]
						},
						"0.7083": {
							"vector": [-69.55418, 11.73507, 4.3361]
						},
						"0.9583": {
							"vector": [7.5, 0, 0]
						},
						"1.0417": {
							"vector": [-0.00716, -9.67379, -2.4774]
						},
						"1.125": {
							"vector": [5.7931, -2.65761, 4.02411]
						},
						"1.2083": {
							"vector": [7.5, 0, 0]
						}
					},
					"position": {
						"0.4583": {
							"vector": [0, -12, -13]
						},
						"0.7083": {
							"vector": [0, -12, -13]
						},
						"0.9583": {
							"vector": [0, 0, 0]
						},
						"1.2083": {
							"vector": [0, 0, 0]
						}
					}
				},
				"rightArm": {
					"rotation": {
						"0.5": {
							"vector": [26.88147, -18.81083, 75.12654]
						},
						"0.5833": {
							"vector": [26.09475, -19.92603, 77.49832]
						},
						"0.6667": {
							"vector": [28.60476, -15.89543, 69.33554]
						},
						"0.75": {
							"vector": [26.88147, -18.81083, 75.12654]
						},
						"1.0417": {
							"vector": [4.84225, 60.08707, 15.10505]
						},
						"1.125": {
							"vector": [-7.4935, 64.87909, 4.27706]
						},
						"1.2083": {
							"vector": [-1.50648, 57.66074, 15.37148]
						},
						"1.2917": {
							"vector": [4.84225, 60.08707, 15.10505]
						}
					},
					"position": {
						"0.5": {
							"vector": [0, -22, -1]
						},
						"0.75": {
							"vector": [0, -22, -1]
						},
						"1.0417": {
							"vector": [0, 0, -1]
						},
						"1.2917": {
							"vector": [0, 0, -1]
						}
					}
				},
				"sword": {
					"rotation": {
						"0.7917": {
							"vector": [-39.65898, -13.09125, 16.52283]
						},
						"0.875": {
							"vector": [-40.8375, -13.50572, 21.64302]
						},
						"0.9583": {
							"vector": [-42.05441, -13.80267, 26.78057]
						},
						"1.0417": {
							"vector": [-39.65898, -13.09125, 16.52283]
						},
						"1.3333": {
							"vector": [-30, 0, 0]
						}
					},
					"position": {
						"vector": [0, 0, 0]
					}
				},
				"leftArm": {
					"rotation": {
						"0.6667": {
							"vector": [-24.00759, -7.76108, -59.84717]
						},
						"0.75": {
							"vector": [-28.30102, -9.76828, -64.48099]
						},
						"0.8333": {
							"vector": [-27.57134, -13.05261, -71.31876]
						},
						"0.9167": {
							"vector": [-24.00759, -7.76108, -59.84717]
						},
						"1.1667": {
							"vector": [16.6575, -12.39135, -12.67995]
						},
						"1.25": {
							"vector": [16.3267, -14.10178, -24.02032]
						},
						"1.3333": {
							"vector": [19.05644, -7.63922, -19.30567]
						},
						"1.4167": {
							"vector": [16.6575, -12.39135, -12.67995]
						}
					},
					"position": {
						"0.6667": {
							"vector": [0, -22, -1]
						},
						"0.9167": {
							"vector": [0, -22, -1]
						},
						"1.1667": {
							"vector": [0, 0, -1]
						},
						"1.4167": {
							"vector": [0, 0, -1]
						}
					}
				},
				"rightLeg": {
					"rotation": {
						"0.8333": {
							"vector": [-67.78172, 23.10962, 22.52332]
						},
						"0.9167": {
							"vector": [-75.28172, 23.10962, 22.52332]
						},
						"1.0": {
							"vector": [-74.11412, 31.77112, 7.60813]
						},
						"1.0833": {
							"vector": [-67.78172, 23.10962, 22.52332]
						},
						"1.3333": {
							"vector": [-7.05933, 9.99038, 2.53852]
						},
						"1.4167": {
							"vector": [-8.19934, 18.21405, 6.76275]
						},
						"1.5": {
							"vector": [-2.17981, 9.21127, 7.41274]
						},
						"1.5833": {
							"vector": [-7.05933, 9.99038, 2.53852]
						}
					},
					"position": {
						"0.8333": {
							"vector": [0, -10, 10]
						},
						"1.0833": {
							"vector": [0, -10, 10]
						},
						"1.3333": {
							"vector": [0, 0, 0]
						},
						"1.5833": {
							"vector": [0, 0, 0]
						}
					}
				},
				"leftLeg": {
					"rotation": {
						"0.9583": {
							"vector": [35.90901, 5.3256, -67.00091]
						},
						"1.0417": {
							"vector": [42.90025, 3.3861, -72.25778]
						},
						"1.125": {
							"vector": [37.79781, 5.49097, -78.8211]
						},
						"1.2083": {
							"vector": [35.90901, 5.3256, -67.00091]
						},
						"1.4167": {
							"vector": [9.1575, -12.39135, -7.67995]
						},
						"1.5": {
							"vector": [3.69296, -17.76728, -5.47893]
						},
						"1.5833": {
							"vector": [3.75867, -7.62508, -5.73504]
						},
						"1.6667": {
							"vector": [9.1575, -12.39135, -7.67995]
						}
					},
					"position": {
						"0.9583": {
							"vector": [-1, -10, 1]
						},
						"1.2083": {
							"vector": [-1, -10, 1]
						},
						"1.4167": {
							"vector": [0, 0, 0]
						},
						"1.6667": {
							"vector": [0, 0, 0]
						}
					}
				}
			}
		}
	},
	"geckolib_format_version": 2
}