{
	"format_version": "1.8.0",
	"animations": {
		"spawn": {
			"loop": true,
			"animation_length": 1,
			"bones": {
				"ice_chunk": {
					"rotation": {
						"0.0": {
							"vector": [0, 0, 0]
						},
						"0.125": {
							"vector": [0, -2.5, 2.5]
						},
						"0.2083": {
							"vector": [0.53602, -2.73348, -0.02747]
						},
						"0.3333": {
							"vector": [-2.38127, -2.28228, 0.42935]
						},
						"0.4167": {
							"vector": [3.00078, -2.30398, -2.12624]
						},
						"0.5833": {
							"vector": [-0.77585, -6.36482, -0.63218]
						},
						"0.7083": {
							"vector": [1.93293, 0.6293, -2.98855]
						},
						"0.7917": {
							"vector": [-1.41672, -6.99321, 0.20203]
						},
						"0.9167": {
							"vector": [1.93243, 2.19987, 0.2494]
						},
						"1.0": {
							"vector": [0, 0, 0]
						}
					}
				}
			}
		},
		"test": {
			"animation_length": 0.5,
			"bones": {
				"ice_chunk": {
					"position": {
						"0.0": {
							"vector": [0, 0, 0]
						},
						"0.5": {
							"vector": [0, 47, 0]
						}
					}
				}
			}
		}
	},
	"geckolib_format_version": 2
}