{
	"format_version": "1.8.0",
	"animations": {
		"idle": {
			"loop": true,
			"animation_length": 8,
			"bones": {
				"body": {
					"rotation": {
						"0.0": {
							"vector": [0, 0, 0]
						},
						"4.0": {
							"vector": [0, 0, 0]
						},
						"5.75": {
							"vector": [0, 0, 0]
						},
						"5.8333": {
							"vector": [0, -7.5, 0]
						},
						"5.9167": {
							"vector": [0, 5, 0]
						},
						"6.0833": {
							"vector": [0, -2.5, 0]
						},
						"6.25": {
							"vector": [0, 2.5, 0]
						},
						"6.4583": {
							"vector": [0, 0, 0]
						},
						"8.0": {
							"vector": [0, 0, 0]
						}
					},
					"position": {
						"0.0": {
							"vector": [0, 0, 0]
						},
						"2.0": {
							"vector": [0, 0.3, 0]
						},
						"4.0": {
							"vector": [0, 0, 0]
						},
						"6.0": {
							"vector": [0, 0.3, 0]
						},
						"8.0": {
							"vector": [0, 0, 0]
						}
					}
				},
				"strip": {
					"rotation": {
						"0.0": {
							"vector": [0, 0, 0]
						},
						"2.0": {
							"vector": [4.99527, 0.21782, -2.4905]
						},
						"4.0": {
							"vector": [0, 0, 0]
						},
						"6.0": {
							"vector": [4.99527, 0.21782, -2.4905]
						},
						"8.0": {
							"vector": [0, 0, 0]
						}
					}
				},
				"cape": {
					"rotation": {
						"0.0": {
							"vector": [7.5, 0, 0]
						},
						"2.0": {
							"vector": [14.98637, 0.64686, -2.41492]
						},
						"4.0": {
							"vector": [7.5, 0, 0]
						},
						"6.0": {
							"vector": [14.98637, 0.64686, -2.41492]
						},
						"8.0": {
							"vector": [7.5, 0, 0]
						}
					}
				},
				"rightArm": {
					"rotation": {
						"0.0": {
							"vector": [-45.05074, 25.66939, -1.3006]
						},
						"5.75": {
							"vector": [-45.05074, 25.66939, -1.3006]
						},
						"5.8333": {
							"vector": [-44.16134, 27.42516, 0.689]
						},
						"5.9167": {
							"vector": [-45.86038, 23.88744, -3.23201]
						},
						"6.0833": {
							"vector": [-45.05074, 25.66939, -1.3006]
						}
					}
				},
				"staff": {
					"rotation": {
						"vector": [-32.5, 0, 0]
					}
				},
				"leftArm": {
					"rotation": {
						"0.0": {
							"vector": [0, 12.5, -10]
						},
						"2.0": {
							"vector": [-0.55404, 12.48791, -12.56062]
						},
						"4.0": {
							"vector": [0, 12.5, -10]
						},
						"5.75": {
							"vector": [0, 12.5, -10]
						},
						"5.8333": {
							"vector": [1.94596, 12.48791, -12.56062]
						},
						"5.9167": {
							"vector": [-2.49815, 12.60901, -10.00244]
						},
						"6.0": {
							"vector": [-0.55404, 12.48791, -12.56062]
						},
						"6.0833": {
							"vector": [0, 12.5, -10]
						},
						"6.9583": {
							"vector": [0, 12.5, -10]
						},
						"8.0": {
							"vector": [0, 12.5, -10]
						}
					}
				},
				"rightLeg": {
					"rotation": {
						"vector": [0.66963, 14.98539, 2.58807]
					}
				},
				"leftLeg": {
					"rotation": {
						"vector": [0.66963, -14.98539, -2.58807]
					}
				}
			}
		},
		"walk": {
			"loop": true,
			"animation_length": 2.5,
			"bones": {
				"body": {
					"rotation": {
						"0.0": {
							"vector": [0, 0, 0]
						},
						"0.5": {
							"vector": [0, -10, 0]
						},
						"1.25": {
							"vector": [0, 0, 0]
						},
						"1.75": {
							"vector": [0, 10, 0]
						},
						"2.5": {
							"vector": [0, 0, 0]
						}
					},
					"position": {
						"vector": [0, 0, 0]
					}
				},
				"strip": {
					"rotation": {
						"0.0": {
							"vector": [0, 0, 0]
						},
						"0.625": {
							"vector": [7.49294, 0.32621, -2.47864]
						},
						"1.25": {
							"vector": [0, 0, 0]
						},
						"1.875": {
							"vector": [7.49294, 0.32621, -2.47864]
						},
						"2.5": {
							"vector": [0, 0, 0]
						}
					}
				},
				"cape": {
					"rotation": {
						"0.0": {
							"vector": [7.5, 0, 0]
						},
						"1.25": {
							"vector": [22.48072, 0.95645, -2.30991]
						},
						"2.5": {
							"vector": [7.5, 0, 0]
						}
					}
				},
				"rightArm": {
					"rotation": {
						"0.0": {
							"vector": [-32.11057, 13.14685, 7.4794]
						},
						"0.75": {
							"vector": [-22.96002, 11.95159, 5.13104]
						},
						"1.3333": {
							"vector": [-45.05074, 25.66939, -1.3006]
						},
						"1.75": {
							"vector": [-55.05074, 25.66939, -1.3006]
						},
						"2.0": {
							"vector": [-45.05074, 25.66939, -1.3006]
						},
						"2.5": {
							"vector": [-32.11057, 13.14685, 7.4794]
						}
					}
				},
				"staff": {
					"rotation": {
						"0.0": {
							"vector": [-32.5, 0, 0]
						},
						"0.75": {
							"vector": [-27.86, 0, 0]
						},
						"1.75": {
							"vector": [-27.5, 0, 0]
						},
						"2.0": {
							"vector": [-40, 0, 0]
						},
						"2.5": {
							"vector": [-32.5, 0, 0]
						}
					},
					"position": {
						"0.0": {
							"vector": [0, -1, 2]
						},
						"0.75": {
							"vector": [0, -0.37, 1.38]
						},
						"1.75": {
							"vector": [0, -0.07, 0.28]
						},
						"2.0": {
							"vector": [0, -1, 1]
						},
						"2.5": {
							"vector": [0, -1, 2]
						}
					}
				},
				"leftArm": {
					"rotation": {
						"vector": [0, 12.5, -10]
					}
				},
				"rightLeg": {
					"rotation": {
						"0.0": {
							"vector": [0.66963, 14.98539, 2.58807]
						},
						"0.5": {
							"vector": [-4.33037, 14.98539, 2.58807]
						},
						"0.75": {
							"vector": [-2.6637, 14.98539, 2.58807]
						},
						"1.25": {
							"vector": [0.66963, 14.98539, 2.58807]
						},
						"1.75": {
							"vector": [15.66963, 14.98539, 2.58807]
						},
						"2.0": {
							"vector": [28.16963, 14.98539, 2.58807]
						},
						"2.5": {
							"vector": [0.66963, 14.98539, 2.58807]
						}
					},
					"position": {
						"0.0": {
							"vector": [0, 0, 0]
						},
						"0.5": {
							"vector": [0, 1, -2]
						},
						"0.75": {
							"vector": [0, -1, -1]
						},
						"1.25": {
							"vector": [0, -1, 0]
						},
						"2.0": {
							"vector": [0, -2, 0]
						},
						"2.5": {
							"vector": [0, 0, 0]
						}
					}
				},
				"leftLeg": {
					"rotation": {
						"0.0": {
							"vector": [0.66963, -14.98539, -2.58807]
						},
						"0.5": {
							"vector": [15.66963, -14.98539, -2.58807]
						},
						"0.75": {
							"vector": [28.16963, -14.98539, -2.58807]
						},
						"1.25": {
							"vector": [0.66963, -14.98539, -2.58807]
						},
						"1.75": {
							"vector": [-4.33037, -14.98539, -2.58807]
						},
						"2.0": {
							"vector": [-2.6637, -14.98539, -2.58807]
						},
						"2.5": {
							"vector": [0.66963, -14.98539, -2.58807]
						}
					},
					"position": {
						"0.0": {
							"vector": [0, -1, 0]
						},
						"0.75": {
							"vector": [0, -2, 0]
						},
						"1.25": {
							"vector": [0, 0, 0]
						},
						"1.75": {
							"vector": [0, 1, -2]
						},
						"2.0": {
							"vector": [0, -1, -1]
						},
						"2.5": {
							"vector": [0, -1, 0]
						}
					}
				}
			}
		}
	},
	"geckolib_format_version": 2
}