{
	"format_version": "1.8.0",
	"animations": {
		"mine": {
			"animation_length": 0.75,
			"bones": {
				"right_arm": {
					"rotation": {
						"0.0": {
							"vector": [0, 0, 0]
						},
						"0.1667": {
							"vector": [-199.14314, -5.90316, -16.50371]
						},
						"0.2917": {
							"vector": [-41.64314, -5.90316, -16.50371]
						},
						"0.4583": {
							"vector": [-55.2621, -3.93544, -11.00247]
						},
						"0.75": {
							"vector": [0, 0, 0]
						}
					}
				}
			}
		}
	},
	"geckolib_format_version": 2
}