{
	"format_version": "1.8.0",
	"animations": {
		"punch": {
			"animation_length": 0.75,
			"bones": {
				"right_arm": {
					"rotation": {
						"0.0": {
							"vector": [-0.44067, -9.99038, 10.03852]
						},
						"0.125": {
							"vector": [-138.83698, -2.73078, -34.63307]
						},
						"0.25": {
							"vector": [-49.30196, 2.3056, -49.10621]
						},
						"0.375": {
							"vector": [-25.68742, -46.53318, 31.62013]
						},
						"0.5": {
							"vector": [0.56358, 1.82576, 33.21075]
						},
						"0.75": {
							"vector": [-0.44067, -9.99038, 10.03852]
						}
					}
				}
			}
		}
	},
	"geckolib_format_version": 2
}