{
	"format_version": "1.8.0",
	"animations": {
		"sneak": {
			"animation_length": 1,
			"bones": {
				"torso": {
					"rotation": {
						"0.0": {
							"vector": [23.30282, 2.02734, 2.97883]
						},
						"0.25": {
							"vector": [28.49956, -3.53426, -2.24111]
						},
						"0.5": {
							"vector": [23.30282, 2.02734, 2.97883]
						},
						"0.75": {
							"vector": [28.37819, 1.5692, 3.71875]
						},
						"1.0": {
							"vector": [23.30282, 2.02734, 2.97883]
						}
					},
					"position": {
						"0.0": {
							"vector": [0, -2, 0]
						},
						"0.25": {
							"vector": [0, -1.5, 0]
						},
						"0.5": {
							"vector": [0, -2, 0]
						},
						"0.75": {
							"vector": [0, -1.5, 0]
						},
						"1.0": {
							"vector": [0, -2, 0]
						}
					}
				},
				"head": {
					"position": {
						"0.0": {
							"vector": [0, -3, 0]
						},
						"0.25": {
							"vector": [0, -2, 0]
						},
						"0.5": {
							"vector": [0, -3, 0]
						},
						"0.75": {
							"vector": [0, -2, 0]
						},
						"1.0": {
							"vector": [0, -3, 0]
						}
					}
				},
				"right_arm": {
					"rotation": {
						"0.0": {
							"vector": [-17.22319, 6.49944, 10.19669]
						},
						"0.25": {
							"vector": [13.07054, 4.46225, 30.68331]
						},
						"0.5": {
							"vector": [-17.22319, 6.49944, 10.19669]
						},
						"0.75": {
							"vector": [-44.88286, -2.25261, 30.96101]
						},
						"1.0": {
							"vector": [-17.22319, 6.49944, 10.19669]
						}
					},
					"position": {
						"0.0": {
							"vector": [0, -2, 0]
						},
						"0.5": {
							"vector": [0, -2, 0]
						},
						"1.0": {
							"vector": [0, -2, 0]
						}
					}
				},
				"left_arm": {
					"rotation": {
						"0.0": {
							"vector": [15.02613, 2.30346, -15.41037]
						},
						"0.25": {
							"vector": [-13.81535, 6.67456, -32.41241]
						},
						"0.5": {
							"vector": [15.02613, 2.30346, -15.41037]
						},
						"0.75": {
							"vector": [45.82736, 1.23108, -37.58601]
						},
						"1.0": {
							"vector": [15.02613, 2.30346, -15.41037]
						}
					},
					"position": {
						"0.0": {
							"vector": [0, -2, 1]
						},
						"0.5": {
							"vector": [0, -2, 1]
						},
						"1.0": {
							"vector": [0, -2, 1]
						}
					}
				},
				"right_leg": {
					"rotation": {
						"0.0": {
							"vector": [-4.56228, 7.55932, 3.67456]
						},
						"0.25": {
							"vector": [-9.29113, 10.43489, 5.75641]
						},
						"0.5": {
							"vector": [-4.56228, 7.55932, 3.67456]
						},
						"0.75": {
							"vector": [12.93772, 7.55932, 3.67456]
						},
						"1.0": {
							"vector": [-4.56228, 7.55932, 3.67456]
						}
					},
					"position": {
						"0.0": {
							"vector": [0, 0, 4]
						},
						"0.25": {
							"vector": [0, 1, 4.5]
						},
						"0.5": {
							"vector": [0, 0, 4]
						},
						"0.75": {
							"vector": [0, 0, 6]
						},
						"1.0": {
							"vector": [0, 0, 4]
						}
					}
				},
				"left_leg": {
					"rotation": {
						"0.0": {
							"vector": [-0.36, 7.91757, -7.28055]
						},
						"0.25": {
							"vector": [15.22057, 6.00443, -2.61099]
						},
						"0.5": {
							"vector": [-0.36, 7.91757, -7.28055]
						},
						"0.75": {
							"vector": [-13.28891, -16.45414, -1.65202]
						},
						"1.0": {
							"vector": [-0.36, 7.91757, -7.28055]
						}
					},
					"position": {
						"0.0": {
							"vector": [0, 0, 4]
						},
						"0.25": {
							"vector": [0, 0, 5.5]
						},
						"0.5": {
							"vector": [0, 0, 4]
						},
						"0.75": {
							"vector": [0, 1, 4.5]
						},
						"1.0": {
							"vector": [0, 0, 4]
						}
					}
				}
			}
		}
	},
	"geckolib_format_version": 2
}