{
	"format_version": "1.8.0",
	"animations": {
		"sneak_idle": {
			"animation_length": 2.5,
			"bones": {
				"torso": {
					"rotation": {
						"0.0": {
							"vector": [23.30282, 2.02734, 2.97883]
						},
						"1.25": {
							"vector": [20.59663, -5.51033, -1.95148]
						},
						"2.5": {
							"vector": [23.30282, 2.02734, 2.97883]
						}
					},
					"position": {
						"0.0": {
							"vector": [0, -2, 0]
						},
						"1.25": {
							"vector": [0, -1.8, 0]
						},
						"2.5": {
							"vector": [0, -2, 0]
						}
					}
				},
				"head": {
					"position": {
						"0.0": {
							"vector": [0, -3, 0]
						},
						"1.25": {
							"vector": [0, -2.5, 0]
						},
						"2.5": {
							"vector": [0, -3, 0]
						}
					}
				},
				"right_arm": {
					"rotation": {
						"0.0": {
							"vector": [-17.22319, 6.49944, 10.19669]
						},
						"1.25": {
							"vector": [-26.99623, 20.09838, -2.0252]
						},
						"2.5": {
							"vector": [-17.22319, 6.49944, 10.19669]
						}
					},
					"position": {
						"0.0": {
							"vector": [0, -2, 0]
						},
						"2.5": {
							"vector": [0, -2, 0]
						}
					}
				},
				"left_arm": {
					"rotation": {
						"0.0": {
							"vector": [15.02613, 2.30346, -15.41037]
						},
						"1.25": {
							"vector": [19.26424, -18.72638, -32.41332]
						},
						"2.5": {
							"vector": [15.02613, 2.30346, -15.41037]
						}
					},
					"position": {
						"0.0": {
							"vector": [0, -2, 1]
						},
						"2.5": {
							"vector": [0, -2, 1]
						}
					}
				},
				"right_leg": {
					"rotation": {
						"0.0": {
							"vector": [-4.56228, 7.55932, 3.67456]
						},
						"1.25": {
							"vector": [-2.80524, -2.38985, 4.77208]
						},
						"2.5": {
							"vector": [-4.56228, 7.55932, 3.67456]
						}
					},
					"position": {
						"0.0": {
							"vector": [0, 0, 4]
						},
						"1.25": {
							"vector": [0, 0, 3]
						},
						"2.5": {
							"vector": [0, 0, 4]
						}
					}
				},
				"left_leg": {
					"rotation": {
						"0.0": {
							"vector": [-0.36, 7.91757, -7.28055]
						},
						"1.25": {
							"vector": [2.11878, -14.81303, -7.66959]
						},
						"2.5": {
							"vector": [-0.36, 7.91757, -7.28055]
						}
					},
					"position": {
						"0.0": {
							"vector": [0, 0, 4]
						},
						"1.25": {
							"vector": [0, 0, 3]
						},
						"2.5": {
							"vector": [0, 0, 4]
						}
					}
				}
			}
		}
	},
	"geckolib_format_version": 2
}