{
	"format_version": "1.8.0",
	"animations": {
		"sprint": {
			"loop": true,
			"animation_length": 0.5,
			"bones": {
				"torso": {
					"rotation": {
						"0.0": {
							"vector": [0, -2.5, 0]
						},
						"0.125": {
							"vector": [0.93429, -5.57797, -1.86351]
						},
						"0.25": {
							"vector": [0, -2.5, 0]
						},
						"0.375": {
							"vector": [1.786, 4.93152, 2.29539]
						},
						"0.5": {
							"vector": [0, -2.5, 0]
						}
					},
					"position": {
						"0.0": {
							"vector": [0, 0, 0]
						},
						"0.125": {
							"vector": [0, 1.5, -1]
						},
						"0.25": {
							"vector": [0, 0, 0]
						},
						"0.375": {
							"vector": [0, 1.5, -2]
						},
						"0.5": {
							"vector": [0, 0, 0]
						}
					}
				},
				"head": {
					"position": {
						"0.0": {
							"vector": [0, 0, 0]
						},
						"0.125": {
							"vector": [0, 1.6, -1.7]
						},
						"0.25": {
							"vector": [0, 0, 0]
						},
						"0.375": {
							"vector": [0, 1.6, -2.7]
						},
						"0.5": {
							"vector": [0, 0, 0]
						}
					}
				},
				"right_arm": {
					"rotation": {
						"0.0": {
							"vector": [-2.8381, -7.38091, 7.62843]
						},
						"0.125": {
							"vector": [89.46741, -17.29207, 1.16089]
						},
						"0.25": {
							"vector": [-2.8381, -7.38091, 7.62843]
						},
						"0.375": {
							"vector": [-68.90736, -1.88358, 15.47837]
						},
						"0.5": {
							"vector": [-2.8381, -7.38091, 7.62843]
						}
					},
					"position": {
						"0.0": {
							"vector": [0, 0, 0]
						},
						"0.125": {
							"vector": [0, 1, 0]
						},
						"0.25": {
							"vector": [0, 0, 0]
						},
						"0.375": {
							"vector": [0, 1, -2]
						},
						"0.5": {
							"vector": [0, 0, 0]
						}
					}
				},
				"left_arm": {
					"rotation": {
						"0.0": {
							"vector": [5.32156, 0.22299, -2.46856]
						},
						"0.125": {
							"vector": [-84.12026, 13.12051, 2.82029]
						},
						"0.25": {
							"vector": [5.32156, 0.22299, -2.46856]
						},
						"0.375": {
							"vector": [92.33464, 23.24789, 4.64355]
						},
						"0.5": {
							"vector": [5.32156, 0.22299, -2.46856]
						}
					},
					"position": {
						"0.0": {
							"vector": [0, 0, 0]
						},
						"0.125": {
							"vector": [0, 1, -1]
						},
						"0.25": {
							"vector": [0, 0, 0]
						},
						"0.375": {
							"vector": [0, 1, -2]
						},
						"0.5": {
							"vector": [0, 0, 0]
						}
					}
				},
				"right_leg": {
					"rotation": {
						"0.0": {
							"vector": [5.32571, 7.71058, 2.53239]
						},
						"0.125": {
							"vector": [-24.56521, 5.28241, 1.8288]
						},
						"0.25": {
							"vector": [5.32571, 7.71058, 2.53239]
						},
						"0.375": {
							"vector": [98.1202, -6.23977, -0.12217]
						},
						"0.5": {
							"vector": [5.32571, 7.71058, 2.53239]
						}
					},
					"position": {
						"0.0": {
							"vector": [0, 1, 0]
						},
						"0.125": {
							"vector": [0, 3, -4]
						},
						"0.25": {
							"vector": [0, 1, 0]
						},
						"0.375": {
							"vector": [0, 1, 0]
						},
						"0.5": {
							"vector": [0, 1, 0]
						}
					}
				},
				"left_leg": {
					"rotation": {
						"0.0": {
							"vector": [2.72535, -4.88104, -2.72535]
						},
						"0.125": {
							"vector": [94.63005, 7.37678, -6.75702]
						},
						"0.25": {
							"vector": [2.72535, -4.88104, -2.72535]
						},
						"0.375": {
							"vector": [-26.85657, -4.89397, 2.41583]
						},
						"0.5": {
							"vector": [2.72535, -4.88104, -2.72535]
						}
					},
					"position": {
						"0.0": {
							"vector": [0, 0, 0]
						},
						"0.125": {
							"vector": [0, 0.5, 0]
						},
						"0.25": {
							"vector": [0, 0, 0]
						},
						"0.375": {
							"vector": [0, 3, -4]
						},
						"0.5": {
							"vector": [0, 0, 0]
						}
					}
				}
			}
		}
	},
	"geckolib_format_version": 2
}