{
	"format_version": "1.8.0",
	"animations": {
		"step": {
			"animation_length": 0.5,
			"bones": {
				"torso": {
					"rotation": {
						"0.0": {
							"vector": [0, 0, 0]
						},
						"0.125": {
							"vector": [0, 5, 0]
						},
						"0.25": {
							"vector": [0, 0, 0]
						},
						"0.375": {
							"vector": [0, -5, 0]
						},
						"0.5": {
							"vector": [0, 0, 0]
						}
					},
					"position": {
						"0.0": {
							"vector": [0, 0, 0]
						},
						"0.125": {
							"vector": [0, 0.2, 0]
						},
						"0.25": {
							"vector": [0, 0, 0]
						},
						"0.375": {
							"vector": [0, 0.2, 0]
						},
						"0.5": {
							"vector": [0, 0, 0]
						}
					}
				},
				"head": {
					"position": {
						"0.0": {
							"vector": [0, 0, 0]
						},
						"0.125": {
							"vector": [0, 0.4, 0]
						},
						"0.25": {
							"vector": [0, 0, 0]
						},
						"0.375": {
							"vector": [0, 0.4, 0]
						},
						"0.5": {
							"vector": [0, 0, 0]
						}
					}
				},
				"right_arm": {
					"rotation": {
						"0.0": {
							"vector": [2.5, -10, 7.5]
						},
						"0.125": {
							"vector": [-15.96998, -8.9543, 6.1]
						},
						"0.375": {
							"vector": [9.03002, -8.9543, 6.1]
						},
						"0.5": {
							"vector": [2.5, -10, 7.5]
						}
					},
					"position": {
						"0.0": {
							"vector": [0, 0, 0]
						},
						"0.5": {
							"vector": [0, 0, 0]
						}
					}
				},
				"left_arm": {
					"rotation": {
						"0.0": {
							"vector": [-3.61691, 8.25322, 0.06689]
						},
						"0.125": {
							"vector": [13.13983, 12.85352, 0.15961]
						},
						"0.375": {
							"vector": [-14.36017, 12.85352, 0.15961]
						},
						"0.5": {
							"vector": [-3.61691, 8.25322, 0.06689]
						}
					},
					"position": {
						"0.0": {
							"vector": [0, 0, 0]
						},
						"0.5": {
							"vector": [0, 0, 0]
						}
					}
				},
				"right_leg": {
					"rotation": {
						"0.0": {
							"vector": [-2.5, 5, 2.5]
						},
						"0.125": {
							"vector": [12.07929, -7.85107, 3.54892]
						},
						"0.375": {
							"vector": [-12.32615, 5.41965, 1.36641]
						},
						"0.5": {
							"vector": [-2.5, 5, 2.5]
						}
					},
					"position": {
						"0.0": {
							"vector": [0, 0, 0]
						},
						"0.5": {
							"vector": [0, 0, 0]
						}
					}
				},
				"left_leg": {
					"rotation": {
						"0.0": {
							"vector": [2.5, -7.5, -5]
						},
						"0.125": {
							"vector": [-11.93194, -9.39692, -4.24812]
						},
						"0.375": {
							"vector": [10.56806, -9.39692, -4.24812]
						},
						"0.5": {
							"vector": [2.5, -7.5, -5]
						}
					},
					"position": {
						"0.0": {
							"vector": [0, 0, 0]
						},
						"0.5": {
							"vector": [0, 0, 0]
						}
					}
				}
			}
		}
	},
	"geckolib_format_version": 2
}