{
	"format_version": "1.8.0",
	"animations": {
		"walk": {
			"loop": true,
			"animation_length": 0.75,
			"bones": {
				"torso": {
					"rotation": {
						"0.0": {
							"vector": [0, -2.5, 0]
						},
						"0.1667": {
							"vector": [0, -20, 0]
						},
						"0.3333": {
							"vector": [0, 0, 0]
						},
						"0.5417": {
							"vector": [0, 20, 0]
						},
						"0.75": {
							"vector": [0, -2.5, 0]
						}
					},
					"position": {
						"0.0": {
							"vector": [0, 0, 0]
						},
						"0.1667": {
							"vector": [0, 0.5, 0]
						},
						"0.3333": {
							"vector": [0, 0, 0]
						},
						"0.5417": {
							"vector": [0, 0.5, 0]
						},
						"0.75": {
							"vector": [0, 0, 0]
						}
					}
				},
				"head": {
					"position": {
						"0.0": {
							"vector": [0, 0, 0]
						},
						"0.1667": {
							"vector": [0, 1, 0]
						},
						"0.3333": {
							"vector": [0, 0, 0]
						},
						"0.5417": {
							"vector": [0, 1, 0]
						},
						"0.75": {
							"vector": [0, 0, 0]
						}
					}
				},
				"right_arm": {
					"rotation": {
						"0.0": {
							"vector": [-2.8381, -7.38091, 7.62843]
						},
						"0.1667": {
							"vector": [51.96741, -17.29207, 1.16089]
						},
						"0.3333": {
							"vector": [-3.35401, -11.90017, 8.44568]
						},
						"0.5417": {
							"vector": [-60.31691, -15.00366, 8.11064]
						},
						"0.75": {
							"vector": [-2.8381, -7.38091, 7.62843]
						}
					},
					"position": {
						"0.0": {
							"vector": [0, 0, 0]
						},
						"0.75": {
							"vector": [0, 0, 0]
						}
					}
				},
				"left_arm": {
					"rotation": {
						"0.0": {
							"vector": [5.32156, 0.22299, -2.46856]
						},
						"0.1667": {
							"vector": [-56.62026, 13.12051, 2.82029]
						},
						"0.3333": {
							"vector": [7.9914, 6.82709, -3.32501]
						},
						"0.5417": {
							"vector": [61.75916, 21.2597, 2.54154]
						},
						"0.75": {
							"vector": [5.30684, 0.45457, -4.95786]
						}
					},
					"position": {
						"0.0": {
							"vector": [0, 0, 0]
						},
						"0.75": {
							"vector": [0, 0, 0]
						}
					}
				},
				"right_leg": {
					"rotation": {
						"0.0": {
							"vector": [5.32571, 7.71058, 2.53239]
						},
						"0.1667": {
							"vector": [-12.06521, 5.28241, 1.8288]
						},
						"0.3333": {
							"vector": [1.79423, 7.67449, 0.94517]
						},
						"0.5417": {
							"vector": [43.1202, -6.23977, -0.12217]
						},
						"0.75": {
							"vector": [5.32571, 7.71058, 2.53239]
						}
					},
					"position": {
						"0.0": {
							"vector": [0, 1, 0]
						},
						"0.1667": {
							"vector": [0, 2, -2]
						},
						"0.3333": {
							"vector": [0, 0, 0]
						},
						"0.5417": {
							"vector": [0, -1.5, 1]
						},
						"0.75": {
							"vector": [0, 1, 0]
						}
					}
				},
				"left_leg": {
					"rotation": {
						"0.0": {
							"vector": [2.72535, -4.88104, -2.72535]
						},
						"0.1667": {
							"vector": [44.60981, -5.08292, -7.76206]
						},
						"0.3333": {
							"vector": [7.0522, -8.28753, -3.45537]
						},
						"0.5417": {
							"vector": [-24.35657, -4.89397, 2.41583]
						},
						"0.75": {
							"vector": [2.72535, -4.88104, -2.72535]
						}
					},
					"position": {
						"0.0": {
							"vector": [0, 0, 0]
						},
						"0.1667": {
							"vector": [0, -1.5, 1]
						},
						"0.3333": {
							"vector": [0, 1, 0]
						},
						"0.5417": {
							"vector": [0, 2, -2]
						},
						"0.75": {
							"vector": [0, 0, 0]
						}
					}
				}
			}
		}
	},
	"geckolib_format_version": 2
}